{
  "faithfulness": 0.864874774539922,
  "answer_relevancy": 0.8521341637305581,
  "context_precision": 0.9726488094869152,
  "context_recall": 0.975
}